_5s4_technical_skill,_5s1_recognized_postsecondary,_4s1_nontraditional_program,_3s1_post_program_placement,_2s3_academic_proficiency,_2s2_academic_proficiency,_2s1_academic_proficiency,_1s1_four_year_graduation,fiscal_agent_name,fiscal_agent_aun,school_year
,,0.0927,0.9653,,,,0.9737,A W Beattie Career Center,103020407,2019-2020
,,0.0558,0.75,,,,0.9489,Admiral Peary AVTS,108110307,2019-2020
,,0.0966,0.75,,,,0.9484,Beaver County CTC,127041307,2019-2020
,,0.2796,0.9474,,,,0.9664,Bedford County Technical Center,108051307,2019-2020
,,0.1324,0.8936,,,,0.9439,Berks CTC,114060557,2019-2020
,,0.1818,1,,,,1,Bermudian Springs SD,112011103,2019-2020
,,0.1311,0.7333,,,,0.8846,Bethlehem AVTS,120481107,2019-2020
,,0.08,1,,,,0.95,Bradford Area SD,109420803,2019-2020
,,0.1837,0.98,,,,0.9673,Bucks County Technical High School,122091457,2019-2020
,,0.087,0.9286,,,,0.9585,Butler County AVTS,104101307,2019-2020
,,0.1083,0.6667,,,,0.9684,Carbon Career & Technical Institute,121131507,2019-2020
,,0.1467,1,,,,0.9309,Career Institute of Technology,120483007,2019-2020
,,0.2159,1,,,,0.9737,Carlisle Area SD,115211103,2019-2020
,,0.087,0.9545,,,,0.9471,Central Montco Technical High School,123460957,2019-2020
,,0.1283,0.8571,,,,0.958,Central PA Institute of Science & Technology,110141607,2019-2020
,,0.1004,0.8333,,,,0.9587,Central Westmoreland CTC,107651207,2019-2020
,,0.1234,0.8804,,,,0.9361,Chester County IU 24,124000000,2019-2020
,,0.1256,0.8764,,,,0.9541,Clarion County Career Center,106161357,2019-2020
,,0.0977,0.9821,,,,0.9638,Clearfield County CTC,110171607,2019-2020
,,0.2963,1,,,,0.9709,Columbia-Montour AVTS,116191757,2019-2020
,,0.1846,0.8667,,,,1,Connellsville Area Career & Technical Center,101266007,2019-2020
,,0.0526,1,,,,0.8636,Corry Area SD,105251453,2019-2020
,,0.1405,0.8014,,,,0.9778,Crawford County CTC,105201407,2019-2020
,,0.0867,0.8817,,,,0.9718,CTC of Lackawanna County,119354207,2019-2020
,,0.1901,0.884,,,,0.9538,Cumberland Perry AVTS,115211657,2019-2020
,,0.2125,0.96,,,,0.9885,Dauphin County Technical School,115221607,2019-2020
,,0.0754,0.9783,,,,0.9071,Delaware County Technical High School,125232407,2019-2020
,,0.0204,1,,,,0.9535,Delaware Valley SD,120522003,2019-2020
,,0.1892,0.9643,,,,1,Dover Area SD,112671803,2019-2020
,,0.1101,0.9943,,,,0.9597,Eastern Center for Arts & Technology,123463507,2019-2020
,,0.0865,0.9571,,,,0.9755,Eastern Westmoreland CTC,107652207,2019-2020
,,0.1343,0.9452,,,,0.9542,Erie City SD,105252602,2019-2020
,,0.1682,0.8276,,,,0.9578,Erie County Technical School,105252807,2019-2020
,,0.127,0.7988,,,,0.9293,Fayette County Career & Technical Institute,101262507,2019-2020
,,0.0488,0.913,,,,0.9114,Forbes Road CTC,103023807,2019-2020
,,0.1024,0.9474,,,,0.9746,Franklin County CTC,112282307,2019-2020
,,0.08,1,,,,0.9231,Fulton County AVTS,111292507,2019-2020
,,0.2687,0.9211,,,,1,Gettysburg Area SD,112013753,2019-2020
,,0.1348,0.9308,,,,0.9738,Greater Altoona CTC,108070607,2019-2020
,,0.0645,0.9091,,,,0.9709,Greater Johnstown CTC,108112607,2019-2020
,,0.1083,1,,,,0.9012,Greater Johnstown SD,108112502,2019-2020
,,0.16,0.8409,,,,0.8958,Greene County CTC,101302607,2019-2020
,,0.1174,0.8571,,,,0.9306,Hazleton Area Career Center,118403207,2019-2020
,,0.2852,0.9672,,,,0.9691,Huntingdon County CTC,111312607,2019-2020
,,0.1198,0.9545,,,,0.9704,Indiana County Technology Center,128324207,2019-2020
,,0.1188,0.9167,,,,0.9677,Jefferson County-DuBois AVTS,106333407,2019-2020
,,0.1795,0.0,,,,0.9792,Jersey Shore Area SD,117414003,2019-2020
,,0.0345,0.9231,,,,0.989,Keystone Central CTC,110183707,2019-2020
,,0.2002,0.8286,,,,0.982,Lancaster County CTC,113363807,2019-2020
,,0.0526,0.8462,,,,1,Lancaster SD,113364002,2019-2020
,,0.1048,0.8333,,,,0.9771,Lawrence County CTC,104374207,2019-2020
,,0.2862,1,,,,0.9534,Lebanon County CTC,113384307,2019-2020
,,0.1642,0.9467,,,,0.9461,Lehigh Career & Technical Institute,121393007,2019-2020
,,0.1013,1,,,,0.9806,Lenape Tech,128034607,2019-2020
,,0.0993,0.95,,,,0.9518,Lycoming CTC,117414807,2019-2020
,,0.1078,0.9048,,,,1,McKeesport Area Tech Ctr,103026037,2019-2020
,,0.1559,0.8519,,,,0.9583,Mercer County Career Center,104435107,2019-2020
,,0.0519,0.9515,,,,0.9386,Middle Bucks Institute of Technology,122097007,2019-2020
,,0.1348,0.9412,,,,1,Mifflin County Academy of Science and Technology,111444307,2019-2020
,,0.2576,0.0,,,,0.9474,Milton Area SD,116495003,2019-2020
,,0.0385,1,,,,0.9487,Mon Valley CTC,101634207,2019-2020
,,0.1481,0.8742,,,,0.9677,Monroe Career & Tech Inst,120454507,2019-2020
,,0.0923,0.82,,,,0.9252,North Montco Tech Career Center,123465507,2019-2020
,,0.1556,0.9,,,,0.9786,Northern Tier Career Center,117080607,2019-2020
,,0.2121,0.0,,,,1,Northern Tioga SD,117596003,2019-2020
,,0.0508,0.9565,,,,0.9688,Northern Westmoreland CTC,107656407,2019-2020
,,0.0926,0.9074,,,,0.9808,Northumberland County CTC,116495207,2019-2020
,,0.1719,0.75,,,,0.9143,Octorara Area SD,124156503,2019-2020
,,0.1066,1,,,,0.9868,Parkway West CTC,103027307,2019-2020
,,0.3297,0.9302,,,,0.8715,Philadelphia City SD,126515001,2019-2020
,,0.1418,0.9412,,,,0.9324,Pittsburgh SD,102027451,2019-2020
,,0.092,1,,,,0.9104,Pottstown SD,123466403,2019-2020
,,0.1769,0.8,,,,0.9339,Reading Muhlenberg CTC,114067107,2019-2020
,,0.0,1,,,,1,Saint Marys Area SD,109248003,2019-2020
,,0.084,0.88,,,,0.9573,Schuylkill Technology Centers,129546907,2019-2020
,,1,1,,,,0.6667,Selinsgrove Area SD,116557103,2019-2020
,,0.113,0.8974,,,,0.9875,Seneca Highlands IU 9,109000000,2019-2020
,,0.105,0.9583,,,,0.9673,Somerset County Technology Center,108567807,2019-2020
,,0.1642,0.9259,,,,1,State College Area SD,110148002,2019-2020
,,0.0565,0.9,,,,0.9573,Steel Center for Career and Technical Education,103028807,2019-2020
,,0.1398,1,,,,0.9861,SUN Area Technical Institute,116606707,2019-2020
,,0.0872,0.75,,,,0.9279,Susquehanna County CTC,119584707,2019-2020
,,0.4211,1,,,,1,Tunkhannock Area SD,118667503,2019-2020
,,0.3333,1,,,,1,Tyrone Area SD,108078003,2019-2020
,,0.1129,0.8485,,,,0.7619,Universal Audenried Charter School,126519434,2019-2020
,,0.1163,0.8969,,,,0.9624,Upper Bucks County Technical School,122099007,2019-2020
,,0.3333,0.8929,,,,1,Upper Dauphin Area SD,115229003,2019-2020
,,0.1481,0.8989,,,,0.988,Venango Technology Center,106619107,2019-2020
,,0.0612,1,,,,0.9595,Wallenpaupack Area SD,119648303,2019-2020
,,0.1047,0.7143,,,,0.9619,Warren County AVTS,105628007,2019-2020
,,0.3333,1,,,,1,Wayne Highlands SD,119648703,2019-2020
,,0.3,1,,,,1,Wellsboro Area SD,117598503,2019-2020
,,0.1271,0.7895,,,,0.9237,West Side CTC,118408707,2019-2020
,,0.2455,0.9492,,,,0.9586,Western Area CTC,101638907,2019-2020
,,0.0865,1,,,,0.925,Western Montgomery CTC,123469007,2019-2020
,,0.1572,0.8421,,,,0.9187,Wilkes-Barre Area CTC,118408607,2019-2020
,,0.1931,0.0,,,,0.9942,Williamsport Area SD,117417202,2019-2020
,,0.147,0.9097,,,,0.9764,York Co School of Technology,112679107,2019-2020
0.9406,0.9904,0.1328,0.8974,,0.3673,0.678,0.9773,Western Montgomery CTC,123469007,2021-2022
0.5978,0.2857,0.1563,0.7778,,0.1138,0.3548,0.8632,Wilkes-Barre AVTS,118408607,2021-2022
0.8421,0.7102,0.179,0.9327,,0.9155,0.7192,1.00,Williamsport Area SD,117417202,2021-2022
0.8568,0.4439,0.1595,0.9592,,0.5909,0.4426,0.9872,York Co School of Technology,112679107,2021-2022
0.7556,0.8779,0.1216,0.9846,,0.5818,0.632,0.969,A W Beattie Career Center,103020407,2021-2022
0.8889,0.625,0.2157,0.8611,,0.00,0.6429,0.9811,Adams County Technical Institute,112015106,2021-2022
0.8625,0.5287,0.0589,0.8926,,0.2143,0.3659,0.9125,Admiral Peary AVTS,108110307,2021-2022
0.8723,0.7005,0.1156,0.925,,0.2105,0.3448,0.9301,Beaver County AVTS,127041307,2021-2022
0.748,0.625,0.1667,0.9048,,0.4783,0.5843,0.9835,Bedford County Technical Center,108051307,2021-2022
0.9052,0.8678,0.1163,1.00,,0.5167,0.5359,0.9774,Berks CTC,114060557,2021-2022
0.75,0.00,0.3333,0.00,,0.00,0.00,1.00,Bermudian Springs SD,112011103,2021-2022
0.8249,0.6109,0.1343,0.8864,,0.3077,0.4286,0.9762,Bethlehem AVTS,120481107,2021-2022
0.7692,0.9091,0.1078,0.00,,0.2903,0.5192,0.9831,Bradford Area SD,109420803,2021-2022
0.8592,0.6599,0.239,0.72,,0.6386,0.4618,0.9958,Bucks County Technical High School,122091457,2021-2022
0.8756,0.8362,0.069,0.8889,,0.4821,0.5032,0.9079,Butler County AVTS,104101307,2021-2022
0.8605,0.8953,0.1379,0.875,,0.619,0.5696,0.9894,Carbon Career & Technical Institute,121131507,2021-2022
0.7188,0.8538,0.0878,0.9167,,0.2547,0.4554,0.9278,Career Institute of Technology,120483007,2021-2022
0.8586,0.5323,0.1053,0.975,,0.5536,0.6111,0.9833,Carlisle Area SD,115211103,2021-2022
0.5373,0.3553,0.1026,0.7027,,0.2887,0.4435,0.9608,Central Montco Technical High School,123460957,2021-2022
0.8872,0.6286,0.1057,0.8333,,0.4336,0.4797,0.9322,Central PA Institute of Science & Technology,110141607,2021-2022
0.7267,0.6959,0.1776,0.875,,0.2458,0.5068,0.9288,Central Westmoreland CTC,107651207,2021-2022
0.785,0.6373,0.176,0.9765,,0.3878,0.414,0.9566,Chester County IU 24,124000000,2021-2022
0.6146,0.7476,0.1322,0.9655,,0.3134,0.50,0.9304,Clarion County Career Center,106161357,2021-2022
0.874,0.94,0.0859,0.9123,,0.00,0.1818,0.9832,Clearfield County CTC,110171607,2021-2022
0.7941,0.6601,0.278,0.8667,,0.3672,0.443,0.9538,Columbia-Montour AVTS,116191757,2021-2022
0.7627,0.8904,0.1493,0.8529,,0.1558,0.2763,0.9519,Connellsville Area Career & Technical Center,101266007,2021-2022
0.875,0.9623,0.0825,1.00,,0.24,0.24,0.9811,Corry Area SD,105251453,2021-2022
0.8088,0.5161,0.1467,0.8842,,0.3836,0.5281,0.9653,Crawford County AVTS,105201407,2021-2022
0.8256,0.8473,0.0978,0.8936,,0.1579,0.3448,0.9683,CTC of Lackawanna County,119354207,2021-2022
0.7958,0.7512,0.1264,0.933,,0.459,0.5664,0.9521,Cumberland-Perry AVTS,115211657,2021-2022
0.852,0.9709,0.2132,0.9483,,0.2042,0.3699,0.9828,Dauphin County AVTS,115221607,2021-2022
0.7543,0.8841,0.0721,0.9699,,0.324,0.4462,0.9289,Delaware County AVTS,125232407,2021-2022
0.7797,0.9844,0.0654,0.90,,0.5652,0.8182,0.9512,Delaware Valley SD,120522003,2021-2022
0.75,0.40,0.1667,1.00,,0.6667,0.6818,1.00,Dover Area SD,112671803,2021-2022
0.9053,0.9726,0.1207,0.9813,,0.4808,0.4419,0.9773,Eastern Center for Arts & Technology,123463507,2021-2022
0.8017,0.8837,0.1747,0.9832,,0.40,0.5625,0.9664,Eastern Westmoreland CTC,107652207,2021-2022
0.50,0.6429,0.1636,0.90,,0.075,0.1092,0.8963,Erie City SD,105252602,2021-2022
0.8622,0.6602,0.1658,0.9118,,0.5181,0.599,0.9809,Erie County Technical School,105252807,2021-2022
0.6767,0.8714,0.1485,0.918,,0.2556,0.396,0.9071,Fayette County AVTS,101262507,2021-2022
0.6879,0.5217,0.0717,0.8947,,0.1053,0.314,0.9375,Forbes Road CTC,103023807,2021-2022
0.8622,0.663,0.0867,0.9032,,0.4806,0.5077,0.9624,Franklin County CTC,112282307,2021-2022
0.50,1.00,0.1667,0.8077,,0.5833,0.675,0.8788,Fulton County AVTS,111292507,2021-2022
0.50,0.00,0.1538,1.00,,0.75,0.6923,0.9615,Gettysburg Area SD,112013753,2021-2022
0.8228,0.6738,0.1615,0.9298,,0.3636,0.5695,0.9431,Greater Altoona CTC,108070607,2021-2022
0.8515,0.9911,0.0214,1.00,,0.3256,0.3623,0.9333,Greater Johnstown AVTS,108112607,2021-2022
0.4444,0.40,0.099,1.00,,0.0781,0.2985,0.8611,Greater Johnstown SD,108112502,2021-2022
0.675,0.8391,0.1489,0.8529,,0.1636,0.2838,0.964,Greene County CTC,101302607,2021-2022
0.7297,0.8353,0.1452,0.8333,,0.1212,0.4444,0.9087,Hazleton Area Career Center,118403207,2021-2022
0.7957,0.5512,0.2087,0.8519,,0.2206,0.3333,0.961,Huntingdon Co CTC,111312607,2021-2022
0.9467,0.8025,0.0913,0.8462,,0.3243,0.4651,0.9533,Indiana County Technology Center,128324207,2021-2022
0.7083,0.6081,0.1564,0.8824,,0.169,0.2632,0.9792,Jefferson County-DuBois AVTS,106333407,2021-2022
0.9231,1.00,0.0217,1.00,,0.00,0.00,1.00,Jersey Shore Area SD,117414003,2021-2022
0.8571,0.619,0.0806,0.8571,,0.2449,0.4507,0.9744,Keystone Central CTC,110183707,2021-2022
0.8766,0.89,0.2203,0.9155,,0.7963,0.7024,0.9893,Lancaster County CTC,113363807,2021-2022
0.6296,0.9759,0.0488,0.9211,,0.00,0.00,1.00,Lancaster SD,113364002,2021-2022
0.8333,0.6328,0.235,0.7273,,0.1358,0.466,0.9817,Lawrence County CTC,104374207,2021-2022
0.7422,0.5552,0.2272,0.9091,,0.3268,0.5438,0.9468,Lebanon County CTC,113384307,2021-2022
0.8342,0.6521,0.1608,0.52,,0.2713,0.4669,0.9033,Lehigh Career & Technical Institute,121393007,2021-2022
0.8084,0.9553,0.1353,0.9891,,0.2188,0.5287,0.9828,Lenape Tech,128034607,2021-2022
0.8226,0.5156,0.0732,0.90,,0.4828,0.4242,0.9605,Lycoming CTC,117414807,2021-2022
0.7941,0.5102,0.00,0.8537,,0.0714,0.1429,0.9545,McKeesport Area Tech Ctr,103026037,2021-2022
0.7871,0.8727,0.0601,0.9268,,0.50,0.4194,0.9675,Mercer County Career Center,104435107,2021-2022
0.8607,0.8867,0.1014,0.9056,,0.3769,0.4646,0.9578,Middle Bucks Institute of Technology,122097007,2021-2022
0.7625,0.7692,0.0638,0.9184,,0.2154,0.3511,0.9452,Mifflin County Academy of Science & Technology,111444307,2021-2022
0.9394,0.2727,0.1605,0.00,,0.60,0.4545,0.9767,Milton Area SD,116495003,2021-2022
0.7677,0.9741,0.0469,0.8481,,0.2051,0.3881,0.9618,Mon Valley CTC,101634207,2021-2022
0.8733,0.812,0.1656,0.8824,,0.3566,0.5723,0.9592,Monroe Career & Tech Inst,120454507,2021-2022
0.8594,0.7718,0.1356,0.913,,0.4432,0.5297,0.9384,North Montco Tech Career Center,123465507,2021-2022
0.7273,0.9421,0.087,0.8333,,0.50,0.7647,0.9659,Northern Tier Career Center,117080607,2021-2022
0.7816,0.7849,0.0815,0.9694,,0.0851,0.3636,0.9798,Northern Westmoreland CTC,107656407,2021-2022
0.8491,1.00,0.0909,0.7963,,0.2857,0.2571,1.00,Northumberland County AVTS,116495207,2021-2022
0.8235,0.8824,0.3333,0.9091,,0.00,0.00,1.00,Octorara Area SD,124156503,2021-2022
0.9645,0.8069,0.1267,0.5385,,0.2483,0.4392,0.9595,Parkway West CTC,103027307,2021-2022
0.5403,0.424,0.2994,0.9063,,0.1652,0.3396,0.8943,Philadelphia City SD,126515001,2021-2022
0.6162,0.9846,0.116,0.7755,,0.3077,0.4058,0.8165,Pittsburgh SD,102027451,2021-2022
0.5758,0.617,0.0814,0.5714,,0.2182,0.3667,0.9143,Pottstown SD,123466403,2021-2022
0.7191,0.8543,0.2197,0.75,,0.2081,0.4218,0.9357,Reading-Muhlenberg CTC,114067107,2021-2022
1.00,0.8261,0.1304,1.00,,0.00,0.00,0.9756,Saint Marys Area SD,109248003,2021-2022
0.8485,0.8619,0.0939,0.8261,,0.1947,0.3194,0.9589,Schuylkill Technology Centers,129546907,2021-2022
0.6753,0.6556,0.0976,0.8382,,0.2625,0.29,1.00,Seneca Highlands IU 9,109000000,2021-2022
0.8778,0.7071,0.069,0.875,,0.3488,0.5147,0.9752,Somerset County Technology Center,108567807,2021-2022
0.8434,0.6957,0.1167,0.8571,,1.00,0.7857,0.9518,State College Area SD,110148002,2021-2022
0.8205,0.7071,0.0775,0.8182,,0.3651,0.5556,0.9453,Steel Center AVTS,103028807,2021-2022
0.8033,0.834,0.1148,0.8723,,0.5714,0.5588,0.9845,SUN Area CTC,116606707,2021-2022
0.8182,0.7217,0.0491,0.70,,0.2174,0.1429,0.8962,Susquehanna County CTC,119584707,2021-2022
0.8367,0.8711,0.1519,0.9944,0.3525,0.1765,0.6438,0.9617,A W Beattie Career Center,103020407,2022-2023
0.8537,0.7343,0.2308,1.00,0.60,0.3636,0.50,1.00,Adams County Technical Institute,112015106,2022-2023
0.9457,0.9681,0.0595,0.9653,0.281,0.3036,0.3934,0.9435,Admiral Peary AVTS,108110307,2022-2023
0.9009,0.7266,0.1299,0.9677,0.1556,0.0238,0.2667,0.9757,Beaver County AVTS,127041307,2022-2023
0.7944,0.6609,0.108,0.9143,0.3932,0.2857,0.5424,0.9923,Bedford County Technical Center,108051307,2022-2023
0.9523,0.6796,0.1312,0.9492,0.4289,0.2994,0.5929,0.9553,Berks CTC,114060557,2022-2023
1.00,0.00,0.3333,1.00,0.40,0.00,0.60,1.00,Bermudian Springs SD,112011103,2022-2023
0.8267,0.6737,0.1507,0.9384,0.2491,0.1521,0.4134,0.9408,Bethlehem AVTS,120481107,2022-2023
0.8246,0.8933,0.1273,0.9444,0.5091,0.50,0.5741,0.9714,Bradford Area SD,109420803,2022-2023
0.8675,0.7523,0.2451,0.8776,0.3878,0.1678,0.4534,0.9805,Bucks County Technical High School,122091457,2022-2023
0.8898,0.8185,0.0847,1.00,0.2884,0.2012,0.3981,0.9702,Butler County AVTS,104101307,2022-2023
0.8889,0.8452,0.1227,1.00,0.4771,0.2474,0.5135,1.00,Carbon Career & Technical Institute,121131507,2022-2023
0.7838,0.8765,0.0985,0.8636,0.30,0.2216,0.3352,0.9301,Career Institute of Technology,120483007,2022-2023
0.9111,0.7686,0.1533,0.9783,0.5238,0.3396,0.5938,0.9758,Carlisle Area SD,115211103,2022-2023
0.00,0.00,0.00,0.7945,0.00,0.00,0.00,0.9565,Central Montco Technical High School,123460957,2022-2023
0.8455,0.5372,0.1018,0.9333,0.3897,0.3788,0.4853,0.9441,Central PA Institute of Science & Technology,110141607,2022-2023
0.7373,0.852,0.1529,0.8982,0.3077,0.2335,0.4789,0.9571,Central Westmoreland CTC,107651207,2022-2023
0.8286,0.71,0.1721,0.9425,0.2665,0.1672,0.3984,0.937,Chester County IU 24,124000000,2022-2023
0.8289,0.8352,0.1229,0.9125,0.3208,0.19,0.4602,0.9722,Clarion County Career Center,106161357,2022-2023
0.8793,0.8581,0.10,0.7143,0.50,0.3333,0.5833,0.9728,Clearfield County CTC,110171607,2022-2023
0.8188,0.7414,0.3147,0.8667,0.6067,0.4221,0.6592,0.9458,Columbia-Montour AVTS,116191757,2022-2023
0.7333,0.9674,0.1893,0.7692,0.0732,0.0843,0.2169,0.9853,Connellsville Area Career & Technical Center,101266007,2022-2023
0.8409,0.9091,0.069,0.9167,0.4222,0.3333,0.5111,0.9815,Corry Area SD,105251453,2022-2023
0.8235,0.5874,0.138,0.9286,0.4593,0.281,0.5725,0.9878,Crawford County AVTS,105201407,2022-2023
0.8148,0.8497,0.1054,0.8963,0.3659,0.1343,0.479,0.9848,CTC of Lackawanna County,119354207,2022-2023
0.8323,0.7579,0.1462,0.9058,0.5083,0.3119,0.6215,0.9804,Cumberland-Perry AVTS,115211657,2022-2023
0.7925,0.991,0.2255,0.8356,0.608,0.2143,0.6825,0.9817,Dauphin County AVTS,115221607,2022-2023
0.8486,0.912,0.0809,0.9543,0.2776,0.2139,0.4721,0.9331,Delaware County AVTS,125232407,2022-2023
0.80,1.00,0.0659,0.9167,0.6296,0.75,0.8889,1.00,Delaware Valley SD,120522003,2022-2023
0.7429,0.3276,0.18,0.9429,0.575,0.5625,0.65,0.9796,Dover Area SD,112671803,2022-2023
0.9091,0.9932,0.1511,0.9633,0.4263,0.2699,0.5249,0.9659,Eastern Center for Arts & Technology,123463507,2022-2023
0.7788,0.7647,0.1694,0.9402,0.3846,0.2143,0.5172,0.9769,Eastern Westmoreland CTC,107652207,2022-2023
0.5517,0.8041,0.1896,0.8462,0.2283,0.1538,0.25,0.8765,Erie City SD,105252602,2022-2023
0.8667,0.7354,0.1832,0.7941,0.5051,0.4556,0.6111,0.9951,Erie County Technical School,105252807,2022-2023
0.736,0.9624,0.1013,0.9677,0.3063,0.0924,0.3866,0.9803,Fayette County AVTS,101262507,2022-2023
0.8306,0.6741,0.0474,0.60,0.272,0.1466,0.3712,0.9006,Forbes Road CTC,103023807,2022-2023
0.9038,0.8103,0.0991,0.925,0.4609,0.2475,0.4848,0.9814,Franklin County CTC,112282307,2022-2023
0.6818,0.9643,0.1667,0.8889,0.4231,0.1818,0.4615,0.9286,Fulton County AVTS,111292507,2022-2023
1.00,0.00,0.4286,1.00,0.4444,0.2857,0.2222,1.00,Gettysburg Area SD,112013753,2022-2023
0.8699,0.6868,0.1943,0.8901,0.4794,0.3796,0.588,0.9719,Greater Altoona CTC,108070607,2022-2023
0.7917,0.9216,0.0861,0.875,0.3274,0.20,0.4513,0.9649,Greater Johnstown AVTS,108112607,2022-2023
0.7308,0.8852,0.1083,0.50,0.2381,0.0769,0.4048,0.9143,Greater Johnstown SD,108112502,2022-2023
0.7581,0.825,0.2241,0.8235,0.20,0.50,0.3333,0.967,Greene County CTC,101302607,2022-2023
0.8029,0.875,0.1349,1.00,0.2556,0.1053,0.406,0.9543,Hazleton Area Career Center,118403207,2022-2023
0.785,0.7478,0.1099,0.8718,0.2476,0.1263,0.2255,0.9552,Huntingdon Co CTC,111312607,2022-2023
0.9143,0.8483,0.0681,1.00,0.4202,0.2906,0.438,0.9758,Indiana County Technology Center,128324207,2022-2023
0.6024,0.9651,0.1589,0.9375,0.2821,0.2364,0.3063,0.9176,Jefferson County-DuBois AVTS,106333407,2022-2023
0.8947,0.7119,0.037,0.90,0.00,0.00,0.00,0.9796,Jersey Shore Area SD,117414003,2022-2023
0.7838,0.8256,0.0704,0.9412,0.4103,0.1895,0.5214,1.00,Keystone Central CTC,110183707,2022-2023
0.898,0.8557,0.209,0.9193,0.7018,0.573,0.7739,0.9837,Lancaster County CTC,113363807,2022-2023
0.8243,0.973,0.05,0.9091,0.1053,0.00,0.6111,0.9882,Lancaster SD,113364002,2022-2023
0.8396,0.5772,0.2222,0.8313,0.3017,0.1636,0.4188,0.9708,Lawrence County CTC,104374207,2022-2023
0.8191,0.577,0.2496,0.9535,0.3972,0.3536,0.5355,0.9741,Lebanon County CTC,113384307,2022-2023
0.7978,0.6841,0.1599,0.9174,0.377,0.2368,0.5417,0.9258,Lehigh Career & Technical Institute,121393007,2022-2023
0.8323,0.9273,0.1162,0.978,0.5135,0.3469,0.6071,0.9941,Lenape Tech,128034607,2022-2023
0.80,0.75,0.0395,0.875,0.4615,0.3469,0.3654,0.9701,Lycoming CTC,117414807,2022-2023
0.6286,0.7347,0.0541,0.00,0.0526,0.00,0.175,0.9444,McKeesport Area Tech Ctr,103026037,2022-2023
0.8939,0.9124,0.1149,0.9562,0.3462,0.1458,0.4151,0.9765,Mercer County Career Center,104435107,2022-2023
0.8636,0.8805,0.1188,0.9194,0.4292,0.2391,0.493,0.9633,Middle Bucks Institute of Technology,122097007,2022-2023
0.6517,0.757,0.1098,0.9524,0.3306,0.1339,0.4472,0.901,Mifflin County Academy of Science & Technology,111444307,2022-2023
0.8889,0.50,0.1143,0.00,0.2333,0.30,0.2258,1.00,Milton Area SD,116495003,2022-2023
0.8222,0.9727,0.0725,0.9125,0.3121,0.1418,0.4189,0.9828,Mon Valley CTC,101634207,2022-2023
0.905,0.9339,0.1848,0.8883,0.4508,0.3514,0.5867,0.9402,Monroe Career & Tech Inst,120454507,2022-2023
0.8531,0.989,0.1489,1.00,0.484,0.2973,0.552,0.9623,North Montco Tech Career Center,123465507,2022-2023
0.8827,0.8958,0.1088,0.9286,0.75,0.00,0.75,0.9917,Northern Tier Career Center,117080607,2022-2023
0.7857,0.7922,0.0734,0.9775,0.1733,0.00,0.2222,0.9238,Northern Westmoreland CTC,107656407,2022-2023
0.8125,0.9167,0.0313,0.8767,0.2326,0.2368,0.2955,0.9231,Northumberland County AVTS,116495207,2022-2023
0.8636,0.8958,0.2597,0.8421,0.4667,0.125,0.6333,1.00,Octorara Area SD,124156503,2022-2023
0.9548,0.8537,0.144,0.881,0.3439,0.1681,0.4806,0.9694,Parkway West CTC,103027307,2022-2023
0.5853,0.7927,0.3141,0.9333,0.1813,0.0975,0.3899,0.9133,Philadelphia City SD,126515001,2022-2023
0.6552,1.00,0.1304,1.00,0.1216,0.0492,0.4324,0.9433,Pittsburgh SD,102027451,2022-2023
0.7619,0.7606,0.1546,0.8571,0.3889,0.0286,0.50,1.00,Pottstown SD,123466403,2022-2023
0.7333,0.8484,0.2237,0.8947,0.162,0.1302,0.3507,0.9503,Reading-Muhlenberg CTC,114067107,2022-2023
0.7778,0.8378,0.00,1.00,0.00,0.00,0.00,1.00,Saint Marys Area SD,109248003,2022-2023
0.8235,0.8693,0.1169,0.9608,0.227,0.1519,0.3106,0.9832,Schuylkill Technology Centers,129546907,2022-2023
0.6809,0.6296,0.0704,0.9403,0.4444,0.3529,0.4167,0.9778,Seneca Highlands IU 9,109000000,2022-2023
0.8511,0.9216,0.064,0.8462,0.338,0.2893,0.5241,0.9798,Somerset County Technology Center,108567807,2022-2023
0.875,0.8919,0.102,1.00,0.7619,0.6875,0.7619,0.9892,State College Area SD,110148002,2022-2023
0.8528,0.8201,0.0909,0.9111,0.3636,0.2249,0.5435,0.9412,Steel Center AVTS,103028807,2022-2023
0.949,0.8069,0.0971,0.9149,0.50,0.1667,0.6316,0.9565,SUN Area CTC,116606707,2022-2023
0.80,0.50,0.00,0.8462,0.00,0.00,0.00,0.9369,Susquehanna County CTC,119584707,2022-2023
0.6964,0.6104,0.2593,1.00,0.625,0.15,0.5833,1.00,Tunkhannock Area SD,118667503,2022-2023
1.00,0.95,0.1951,0.8333,0.9474,0.7368,0.8947,1.00,Tyrone Area SD,108078003,2022-2023
0.5111,1.00,0.114,0.7317,0.2451,0.1942,0.6214,0.9355,Universal Audenreid CHS,126519434,2022-2023
0.8156,0.972,0.1327,0.9381,0.36,0.2198,0.3222,0.925,Upper Bucks County AVTS,122099007,2022-2023
0.9655,0.525,0.00,1.00,0.7143,0.00,0.6429,1.00,Upper Dauphin Area SD,115229003,2022-2023
0.8252,0.974,0.139,0.8346,0.3588,0.2727,0.4254,0.9733,Venango Technology Center,106619107,2022-2023
0.9538,0.7536,0.208,1.00,0.617,0.3571,0.6737,1.00,Wallenpaupack Area SD,119648303,2022-2023
0.7857,0.8837,0.1368,1.00,0.40,0.3462,0.4375,0.9765,Warren County AVTS,105628007,2022-2023
0.8571,1.00,0.00,1.00,1.00,1.00,1.00,1.00,Wayne Highlands SD,119648703,2022-2023
0.75,0.7778,0.00,1.00,0.80,0.60,0.80,1.00,Wellsboro Area SD,117598503,2022-2023
0.8553,0.9794,0.1368,0.7805,0.137,0.0143,0.2254,0.9381,West Side AVTS,118408707,2022-2023
0.9167,0.6963,0.1672,0.9134,0.3538,0.2625,0.4974,0.9793,Western Area CTC,101638907,2022-2023
0.9333,1.00,0.1415,0.9815,0.4671,0.3776,0.5714,0.9444,Western Montgomery CTC,123469007,2022-2023
0.8264,0.3704,0.1806,0.8333,0.2222,0.1275,0.4311,0.8961,Wilkes-Barre AVTS,118408607,2022-2023
0.8214,0.8882,0.1701,0.9535,0.431,0.5352,0.7399,0.9888,Williamsport Area SD,117417202,2022-2023
0.8625,0.8438,0.1482,0.9727,0.3091,0.1697,0.4218,0.9731,York Co School of Technology,112679107,2022-2023
0.8717,0.8884,0.1322,0.9873,0.4044,0.2753,0.5843,0.9609,A W Beattie Career Center,103020407,2023-2024
0.7687,0.4754,0.2931,0.9394,0.2727,0.3182,0.4286,1.00,Adams County Technical Institute,112015106,2023-2024
0.9412,0.981,0.1006,0.8995,0.4268,0.3701,0.5506,0.9808,Admiral Peary AVTS,108110307,2023-2024
0.8959,0.939,0.1328,0.974,0.1818,0.1509,0.2963,0.9756,Beaver County AVTS,127041307,2023-2024
0.8855,0.9403,0.1554,0.9024,0.4623,0.4712,0.5333,0.9857,Bedford County Technical Center,108051307,2023-2024
0.9323,0.7573,0.1366,0.9483,0.4449,0.3805,0.5574,0.9584,Berks CTC,114060557,2023-2024
0.875,0.00,0.125,1.00,1.00,0.50,1.00,1.00,Bermudian Springs SD,112011103,2023-2024
0.8468,0.785,0.1677,0.90,0.2431,0.1743,0.39,0.9068,Bethlehem AVTS,120481107,2023-2024
0.9032,0.9429,0.1034,0.75,0.50,0.5217,0.5435,0.9861,Bradford Area SD,109420803,2023-2024
0.8836,0.7086,0.2565,0.7561,0.3423,0.3023,0.46,0.9902,Bucks County Technical High School,122091457,2023-2024
0.9228,0.8156,0.0837,0.9231,0.3108,0.2673,0.3482,0.9593,Butler County AVTS,104101307,2023-2024
0.9091,0.80,0.1282,0.9615,0.404,0.44,0.60,0.9619,Carbon Career & Technical Institute,121131507,2023-2024
0.8053,0.8845,0.1218,0.8462,0.311,0.2696,0.4211,0.9685,Career Institute of Technology,120483007,2023-2024
0.8421,0.7328,0.1298,0.9565,0.5422,0.3165,0.6071,0.9914,Carlisle Area SD,115211103,2023-2024
0.6652,0.9395,0.1655,0.00,0.30,0.2327,0.2938,0.9798,Central Montco Technical High School,123460957,2023-2024
0.8837,0.617,0.11,0.9333,0.4699,0.3818,0.4909,0.92,Central PA Institute of Science & Technology,110141607,2023-2024
0.7944,0.8708,0.1664,0.9327,0.2733,0.2833,0.4089,0.9721,Central Westmoreland CTC,107651207,2023-2024
0.8305,0.8152,0.1862,0.9608,0.329,0.2199,0.4764,0.9637,Chester County IU 24,124000000,2023-2024
0.8108,0.8689,0.1122,0.9254,0.2556,0.2809,0.3889,0.9528,Clarion County Career Center,106161357,2023-2024
0.8515,0.9713,0.0747,0.8842,0.00,0.0769,0.3636,0.9856,Clearfield County CTC,110171607,2023-2024
0.8263,0.5798,0.2528,0.9167,0.3978,0.25,0.3548,0.9958,Columbia-Montour AVTS,116191757,2023-2024
0.6813,0.8889,0.2037,0.875,0.2955,0.2045,0.3864,0.9612,Connellsville Area Career & Technical Center,101266007,2023-2024
0.92,1.00,0.0928,0.9688,0.3654,0.3077,0.5385,1.00,Corry Area SD,105251453,2023-2024
0.8947,0.8082,0.1657,0.9462,0.4813,0.3333,0.5687,0.9613,Crawford County AVTS,105201407,2023-2024
0.8711,0.868,0.1108,0.8435,0.362,0.1878,0.545,0.9809,CTC of Lackawanna County,119354207,2023-2024
0.8316,0.7813,0.1494,0.9295,0.4977,0.3976,0.627,0.9725,Cumberland-Perry AVTS,115211657,2023-2024
0.9277,0.9881,0.2454,0.9333,0.4919,0.2805,0.5385,0.9922,Dauphin County AVTS,115221607,2023-2024
0.8593,0.9434,0.115,0.9499,0.2906,0.2237,0.4305,0.963,Delaware County AVTS,125232407,2023-2024
0.9167,1.00,0.1209,0.80,0.6909,0.60,0.9091,1.00,Delaware Valley SD,120522003,2023-2024
0.8125,0.2469,0.2154,0.9118,0.5429,0.7879,0.7429,0.9512,Dover Area SD,112671803,2023-2024
0.9211,0.8881,0.1545,0.9496,0.4813,0.3633,0.5224,0.9814,Eastern Center for Arts & Technology,123463507,2023-2024
0.8547,0.9302,0.1488,0.9608,0.3583,0.2137,0.5583,0.9589,Eastern Westmoreland CTC,107652207,2023-2024
0.6832,0.9905,0.2089,0.883,0.1533,0.0676,0.1973,0.8947,Erie City SD,105252602,2023-2024
0.8535,0.9712,0.1986,1.00,0.6021,0.5035,0.6517,0.9952,Erie County Technical School,105252807,2023-2024
0.8405,0.9422,0.1609,0.9469,0.2288,0.2155,0.2414,0.9622,Fayette County AVTS,101262507,2023-2024
0.7665,0.7852,0.0576,0.9333,0.2118,0.1302,0.3043,0.9252,Forbes Road CTC,103023807,2023-2024
0.8487,0.7729,0.1196,0.9714,0.5079,0.4504,0.5375,0.9885,Franklin County CTC,112282307,2023-2024
0.7826,0.3333,0.1587,0.9375,0.00,0.00,0.00,1.00,Fulton County AVTS,111292507,2023-2024
0.90,0.4286,0.20,0.00,0.7692,0.7692,0.6667,1.00,Gettysburg Area SD,112013753,2023-2024
0.8839,0.7568,0.1436,0.8271,0.4448,0.3722,0.487,0.9726,Greater Altoona CTC,108070607,2023-2024
0.8901,0.8866,0.1238,0.9677,0.2835,0.2016,0.3511,0.9503,Greater Johnstown AVTS,108112607,2023-2024
0.425,0.9388,0.088,0.7143,0.1404,0.04,0.2982,0.9231,Greater Johnstown SD,108112502,2023-2024
0.8767,0.8723,0.1039,0.9167,0.2727,0.2727,0.4545,0.9891,Greene County CTC,101302607,2023-2024
0.8857,0.9481,0.1441,0.8421,0.2609,0.1039,0.4783,0.9202,Hazleton Area Career Center,118403207,2023-2024
0.708,0.5528,0.2358,0.9146,0.2612,0.2741,0.3731,0.9701,Huntingdon Co CTC,111312607,2023-2024
0.9306,0.90,0.10,0.8384,0.2955,0.3182,0.4198,0.9662,Indiana County Technology Center,128324207,2023-2024
0.7228,0.9903,0.1646,0.8182,0.2658,0.2201,0.3648,0.9636,Jefferson County-DuBois AVTS,106333407,2023-2024
0.8302,0.7358,0.0217,0.80,0.00,0.00,0.00,1.00,Jersey Shore Area SD,117414003,2023-2024
0.8837,0.9485,0.1106,0.9167,0.337,0.25,0.4066,1.00,Keystone Central CTC,110183707,2023-2024
0.9106,0.8365,0.2289,0.8812,0.6047,0.6786,0.6744,0.9939,Lancaster County CTC,113363807,2023-2024
0.80,0.9905,0.1395,1.00,0.2105,0.1579,0.6316,0.9907,Lancaster SD,113364002,2023-2024
0.80,0.7124,0.1598,0.7971,0.3125,0.2411,0.3929,0.9686,Lawrence County CTC,104374207,2023-2024
0.7701,0.8912,0.2204,0.9318,0.3942,0.3273,0.4353,0.9761,Lebanon County CTC,113384307,2023-2024
0.824,0.7552,0.1763,0.9173,0.3282,0.2618,0.4698,0.9506,Lehigh Career & Technical Institute,121393007,2023-2024
0.8235,0.9714,0.1721,0.9649,0.469,0.3497,0.5724,0.9854,Lenape Tech,128034607,2023-2024
0.775,0.988,0.1545,0.9524,0.4321,0.3086,0.3855,0.9878,Lycoming CTC,117414807,2023-2024
0.8148,0.6486,0.0417,0.00,0.2381,0.0465,0.3556,1.00,McKeesport Area Tech Ctr,103026037,2023-2024
0.8588,0.9943,0.1045,0.9302,0.2075,0.1538,0.3019,0.9831,Mercer County Career Center,104435107,2023-2024
0.8889,0.9538,0.1355,0.9215,0.4211,0.3211,0.4456,0.9625,Middle Bucks Institute of Technology,122097007,2023-2024
0.8372,0.5789,0.1393,0.9245,0.4266,0.3121,0.507,0.9561,Mifflin County Academy of Science & Technology,111444307,2023-2024
0.8209,0.8028,0.0833,0.7727,0.225,0.50,0.45,0.9859,Milton Area SD,116495003,2023-2024
0.8467,0.9815,0.0756,0.00,0.1871,0.1189,0.3143,0.9806,Mon Valley CTC,101634207,2023-2024
0.9358,0.9815,0.1961,0.904,0.4343,0.3504,0.5847,0.9852,Monroe Career & Tech Inst,120454507,2023-2024
0.9178,1.00,0.1684,1.00,0.4384,0.3266,0.5099,0.9831,North Montco Tech Career Center,123465507,2023-2024
0.8703,0.8945,0.0971,0.9048,0.2963,0.2593,0.4444,0.9703,Northern Tier Career Center,117080607,2023-2024
0.8257,0.7436,0.095,1.00,0.2371,0.1531,0.268,0.9658,Northern Westmoreland CTC,107656407,2023-2024
0.8393,0.9231,0.0345,0.8194,0.1731,0.2885,0.4038,0.875,Northumberland County AVTS,116495207,2023-2024
0.8095,0.7917,0.2283,0.9655,0.3333,0.3404,0.4583,0.9796,Octorara Area SD,124156503,2023-2024
0.9528,0.8276,0.1566,0.9574,0.3511,0.2657,0.4664,0.9599,Parkway West CTC,103027307,2023-2024
0.6246,0.8161,0.337,0.8889,0.2064,0.1466,0.4137,0.9374,Philadelphia City SD,126515001,2023-2024
0.6203,0.9904,0.1124,1.00,0.2083,0.20,0.4947,0.9623,Pittsburgh SD,102027451,2023-2024
0.7347,0.8406,0.1134,0.9796,0.4386,0.2456,0.5789,1.00,Pottstown SD,123466403,2023-2024
0.7939,0.9419,0.2457,0.8636,0.1718,0.1752,0.4145,0.9395,Reading-Muhlenberg CTC,114067107,2023-2024
0.9545,0.9167,0.0833,1.00,0.00,0.00,0.00,1.00,Saint Marys Area SD,109248003,2023-2024
0.9293,0.8632,0.1353,0.9636,0.3182,0.2254,0.3276,0.9626,Schuylkill Technology Centers,129546907,2023-2024
0.5385,0.04,0.0667,0.8718,0.4216,0.3069,0.4712,0.9455,Seneca Highlands IU 9,109000000,2023-2024
0.8406,0.9211,0.1064,0.8125,0.4679,0.3462,0.5385,0.956,Somerset County Technology Center,108567807,2023-2024
0.977,0.9167,0.0204,0.8462,0.8125,0.8125,0.875,1.00,State College Area SD,110148002,2023-2024
0.8405,0.9686,0.1301,1.00,0.3757,0.2723,0.4521,0.9845,Steel Center AVTS,103028807,2023-2024
0.8901,0.9347,0.1128,0.9349,0.4528,0.40,0.5094,0.9964,SUN Area CTC,116606707,2023-2024
0.7885,0.7339,0.1095,1.00,0.2475,0.202,0.402,0.9328,Susquehanna County CTC,119584707,2023-2024
0.8219,0.5063,0.2209,1.00,0.569,0.2542,0.6034,1.00,Tunkhannock Area SD,118667503,2023-2024
0.9333,1.00,0.20,1.00,0.90,0.50,0.70,1.00,Tyrone Area SD,108078003,2023-2024
0.5625,0.9592,0.1037,0.8842,0.325,0.1833,0.4622,0.9057,Universal Audenreid CHS,126519434,2023-2024
0.8299,1.00,0.1726,0.907,0.3941,0.2242,0.4551,0.9845,Upper Bucks County AVTS,122099007,2023-2024
1.00,0.3333,0.00,1.00,0.3333,0.3333,0.3333,0.75,Upper Dauphin Area SD,115229003,2023-2024
0.8827,0.9345,0.1413,0.8333,0.3952,0.3952,0.506,0.988,Venango Technology Center,106619107,2023-2024
0.90,0.9882,0.184,0.9545,0.6053,0.4737,0.6364,1.00,Wallenpaupack Area SD,119648303,2023-2024
0.7912,0.8587,0.1618,0.8571,0.3086,0.3704,0.525,0.9894,Warren County AVTS,105628007,2023-2024
0.8824,1.00,0.0769,1.00,0.9091,1.00,1.00,1.00,Wayne Highlands SD,119648703,2023-2024
0.75,0.3571,0.10,1.00,0.3871,0.4516,0.6452,0.9333,Wellsboro Area SD,117598503,2023-2024
0.8033,0.973,0.1311,0.9231,0.1467,0.0933,0.1538,0.9861,West Side AVTS,118408707,2023-2024
0.9103,0.6585,0.213,0.9357,0.4602,0.3981,0.5956,0.9468,Western Area CTC,101638907,2023-2024
0.9321,0.9939,0.1611,0.9333,0.479,0.4286,0.521,0.9818,Western Montgomery CTC,123469007,2023-2024
0.8029,0.7633,0.199,0.9167,0.1958,0.1245,0.2685,0.9135,Wilkes-Barre AVTS,118408607,2023-2024
0.8177,0.8984,0.1811,0.9339,0.3077,0.5669,0.6488,0.9839,Williamsport Area SD,117417202,2023-2024
0.8701,0.8509,0.1542,0.9745,0.2775,0.2049,0.4162,0.9905,York Co School of Technology,112679107,2023-2024
0.00,0.8527,0.1131,0.974,,0.3358,0.2941,0.9726,A W Beattie Career Center,103020407,2020-2021
0.802,0.757,0.1489,0.00,,0.00,0.00,1.00,Adams County Technical Institute,112015106,2020-2021
0.7863,0.4516,0.062,0.8824,,0.40,0.4138,0.929,Admiral Peary AVTS,108110307,2020-2021
1.00,0.5936,0.1181,0.95,,0.2619,0.4545,0.9689,Beaver County AVTS,127041307,2020-2021
1.00,0.6471,0.1765,1.00,,0.561,0.381,0.9808,Bedford County Technical Center,108051307,2020-2021
0.00,0.2857,0.1282,0.9603,,0.4914,0.4444,0.9559,Berks CTC,114060557,2020-2021
0.00,0.00,0.00,1.00,,0.00,1.00,1.00,Bermudian Springs SD,112011103,2020-2021
0.00,0.50,0.125,0.8735,,0.4634,0.2727,0.9178,Bethlehem AVTS,120481107,2020-2021
1.00,0.7458,0.1011,1.00,,0.7273,0.3077,0.9836,Bradford Area SD,109420803,2020-2021
1.00,0.7731,0.2421,0.88,,0.5224,0.00,0.9852,Bucks County Technical High School,122091457,2020-2021
0.8889,0.6471,0.1171,0.85,,0.5126,0.40,0.961,Butler County AVTS,104101307,2020-2021
0.9333,0.6304,0.1176,0.7857,,0.4891,0.40,1.00,Carbon Career & Technical Institute,121131507,2020-2021
0.6994,0.6705,0.1459,1.00,,0.3553,0.4483,0.9643,Career Institute of Technology,120483007,2020-2021
0.00,0.4667,0.0748,0.98,,0.6604,0.00,0.984,Carlisle Area SD,115211103,2020-2021
0.00,0.4082,0.1864,0.7333,,0.3333,0.4286,0.962,Center for Technical Studies of Montgomery County,123460957,2020-2021
0.8785,0.4825,0.0906,0.8333,,0.5862,0.6076,0.9643,Central PA Institute of Science & Technology,110141607,2020-2021
0.00,0.5304,0.1202,0.9133,,0.40,0.5758,0.9662,Central Westmoreland CTC,107651207,2020-2021
0.8056,0.487,0.1765,0.9078,,0.3643,0.2083,0.9582,Chester County IU 24,124000000,2020-2021
0.7802,0.8812,0.1244,0.9265,,0.5313,0.375,0.9878,Clarion County Career Center,106161357,2020-2021
0.767,0.8678,0.0648,0.9796,,0.25,0.00,0.9769,Clearfield County CTC,110171607,2020-2021
0.7464,0.5671,0.2961,0.7727,,0.60,0.25,0.9464,Columbia-Montour AVTS,116191757,2020-2021
0.00,0.9032,0.2353,0.8929,,0.1667,0.00,0.9362,Connellsville Area Career & Technical Center,101266007,2020-2021
0.6875,0.8627,0.0734,0.9565,,0.2115,0.3519,1.00,Corry Area SD,105251453,2020-2021
1.00,0.6204,0.1225,0.8148,,0.5094,0.4921,1.00,Crawford County AVTS,105201407,2020-2021
0.00,0.8548,0.0894,0.8257,,0.3469,0.3846,0.9831,CTC of Lackawanna County,119354207,2020-2021
0.7727,0.6841,0.1334,0.903,,0.50,0.5763,0.9846,Cumberland-Perry AVTS,115211657,2020-2021
1.00,0.8929,0.2014,0.8932,,0.5229,0.00,0.9453,Dauphin County AVTS,115221607,2020-2021
0.7841,0.8421,0.0769,0.9676,,0.2533,0.3696,0.9257,Delaware County AVTS,125232407,2020-2021
0.625,1.00,0.0619,0.8333,,0.7742,1.00,0.9804,Delaware Valley SD,120522003,2020-2021
0.7727,0.1481,0.0909,1.00,,0.90,1.00,1.00,Dover Area SD,112671803,2020-2021
0.00,0.9552,0.1194,0.9456,,0.4889,0.4359,0.9646,Eastern Center for Arts & Technology,123463507,2020-2021
0.9091,0.7431,0.1631,0.8926,,0.6154,1.00,0.972,Eastern Westmoreland CTC,107652207,2020-2021
1.00,0.835,0.1762,0.9315,,0.2519,0.0667,0.9477,Erie City SD,105252602,2020-2021
1.00,0.6878,0.1825,0.875,,0.7263,0.6667,0.9679,Erie County Technical School,105252807,2020-2021
0.717,0.6748,0.1554,0.9911,,0.3909,0.3684,0.9595,Fayette County AVTS,101262507,2020-2021
0.00,0.5775,0.0667,0.9524,,0.3148,0.5455,0.9416,Forbes Road CTC,103023807,2020-2021
1.00,0.6099,0.0877,0.7333,,0.5796,0.5391,0.973,Franklin County CTC,112282307,2020-2021
0.6296,0.963,0.0508,0.9412,,0.5714,0.8824,0.9286,Fulton County AVTS,111292507,2020-2021
0.80,0.00,0.0968,0.9545,,0.7083,0.60,1.00,Gettysburg Area SD,112013753,2020-2021
0.00,0.619,0.1504,0.9359,,0.4528,0.5385,0.9379,Greater Altoona CTC,108070607,2020-2021
0.7841,0.9823,0.0497,0.7143,,0.3425,0.2759,0.9737,Greater Johnstown AVTS,108112607,2020-2021
0.551,0.619,0.0894,0.90,,0.1111,0.4375,0.9406,Greater Johnstown SD,108112502,2020-2021
0.7143,0.7551,0.15,0.75,,0.125,0.125,0.9259,Greene County CTC,101302607,2020-2021
0.00,0.8722,0.1362,0.60,,0.1791,0.3148,0.9573,Hazleton Area Career Center,118403207,2020-2021
0.7094,0.551,0.163,0.9556,,0.2921,0.2903,0.9333,Huntingdon Co CTC,111312607,2020-2021
0.9407,0.8227,0.0991,0.9231,,0.3517,0.4521,0.9391,Indiana County Technology Center,128324207,2020-2021
0.5957,0.3368,0.1847,0.7692,,0.5143,0.00,0.9694,Jefferson County-DuBois AVTS,106333407,2020-2021
0.8909,0.9649,0.0674,0.00,,0.5581,0.5814,1.00,Jersey Shore Area SD,117414003,2020-2021
0.8431,0.2319,0.024,0.9333,,0.5263,0.00,0.9783,Keystone Central CTC,110183707,2020-2021
0.75,0.87,0.2308,0.8459,,0.7381,0.7667,0.9896,Lancaster County CTC,113363807,2020-2021
0.00,0.9604,0.1585,1.00,,0.1429,0.00,1.00,Lancaster SD,113364002,2020-2021
0.8478,0.4375,0.1897,0.875,,0.3125,0.40,0.9333,Lawrence County CTC,104374207,2020-2021
0.00,0.3735,0.1986,0.6667,,0.5224,0.4932,0.9604,Lebanon County CTC,113384307,2020-2021
1.00,0.5383,0.1794,0.8645,,0.3597,0.3778,0.9439,Lehigh Career & Technical Institute,121393007,2020-2021
0.881,0.9765,0.1415,0.9435,,0.6833,0.00,0.9883,Lenape Tech,128034607,2020-2021
0.7391,0.7703,0.1239,1.00,,0.4737,0.1622,0.9655,Lycoming CTC,117414807,2020-2021
0.00,0.6098,0.125,0.8451,,0.0833,0.00,0.9444,McKeesport Area Tech Ctr,103026037,2020-2021
0.00,0.9034,0.0718,0.7264,,0.3958,0.10,0.9767,Mercer County Career Center,104435107,2020-2021
0.8696,0.8839,0.1064,0.9156,,0.4877,0.7818,0.9533,Middle Bucks Institute of Technology,122097007,2020-2021
0.8427,0.8788,0.0776,0.8462,,0.30,0.3333,0.9538,Mifflin County Academy of Science & Technology,111444307,2020-2021
0.8718,0.2727,0.093,1.00,,0.80,0.60,0.9643,Milton Area SD,116495003,2020-2021
0.00,0.9225,0.055,0.881,,0.4085,0.25,0.9615,Mon Valley CTC,101634207,2020-2021
0.7751,0.8609,0.1562,0.8588,,0.4962,0.6538,0.9805,Monroe Career & Tech Inst,120454507,2020-2021
0.7735,0.7233,0.1247,0.7619,,0.4693,0.5333,0.9259,North Montco Tech Career Center,123465507,2020-2021
0.00,0.709,0.1469,0.8333,,0.5333,0.3333,0.978,Northern Tier Career Center,117080607,2020-2021
0.7614,0.8416,0.0749,0.9868,,0.2099,0.50,0.9756,Northern Westmoreland CTC,107656407,2020-2021
0.9697,1.00,0.1125,0.79,,0.3143,0.40,0.9574,Northumberland County AVTS,116495207,2020-2021
0.8409,0.8571,0.193,0.40,,0.60,1.00,0.902,Octorara Area SD,124156503,2020-2021
0.00,0.7821,0.1361,1.00,,0.3917,0.3704,0.9627,Parkway West CTC,103027307,2020-2021
0.5179,0.453,0.2882,0.8467,,0.1161,0.255,0.9518,Philadelphia City SD,126515001,2020-2021
0.00,0.9247,0.1095,0.809,,0.2766,0.12,0.8921,Pittsburgh SD,102027451,2020-2021
0.6286,0.6176,0.1325,1.00,,0.3714,0.5263,0.9125,Pottstown SD,123466403,2020-2021
0.00,0.6437,0.2194,0.6364,,0.2425,0.00,0.947,Reading-Muhlenberg CTC,114067107,2020-2021
0.00,0.90,0.0976,1.00,,0.00,0.00,1.00,Saint Marys Area SD,109248003,2020-2021
0.8162,0.6465,0.0882,0.8704,,0.2722,0.2885,0.9896,Schuylkill Technology Centers,129546907,2020-2021
0.6627,0.6531,0.1029,0.7869,,0.4091,0.3529,0.9894,Seneca Highlands IU 9,109000000,2020-2021
0.8899,0.6667,0.0725,0.9091,,0.4138,0.4783,0.9741,Somerset County Technology Center,108567807,2020-2021
0.00,0.50,0.1864,0.9412,,0.9104,0.00,0.9633,State College Area SD,110148002,2020-2021
0.92,0.6369,0.0667,0.6667,,0.344,0.40,0.9524,Steel Center AVTS,103028807,2020-2021
0.9643,0.7667,0.1255,0.8636,,0.25,0.1765,0.9842,SUN Area CTC,116606707,2020-2021
0.9341,0.6154,0.0843,0.00,,0.3966,0.4324,0.9756,Susquehanna County CTC,119584707,2020-2021
1.00,0.00,0.4118,0.9375,,0.80,0.00,1.00,Tunkhannock Area SD,118667503,2020-2021
0.80,0.80,0.2439,0.8889,,1.00,0.00,1.00,Tyrone Area SD,108078003,2020-2021
0.00,0.7083,0.1271,0.92,,0.2338,0.2857,0.8208,Universal Audenreid CHS,126519434,2020-2021
0.9101,0.9394,0.1646,0.8596,,0.4459,0.2857,0.9167,Upper Bucks County AVTS,122099007,2020-2021
0.00,0.00,0.20,0.9459,,1.00,0.00,1.00,Upper Dauphin Area SD,115229003,2020-2021
0.00,0.9032,0.1981,0.8205,,0.3711,0.3538,0.9359,Venango Technology Center,106619107,2020-2021
0.90,0.6719,0.0889,0.80,,0.7941,0.7042,0.9804,Wallenpaupack Area SD,119648303,2020-2021
0.8391,0.8617,0.0963,0.9444,,0.4217,0.3976,0.9889,Warren County AVTS,105628007,2020-2021
0.9286,1.00,0.05,1.00,,1.00,0.00,1.00,Wayne Highlands SD,119648703,2020-2021
0.8462,0.1538,0.00,0.80,,0.00,0.00,0.913,Wellsboro Area SD,117598503,2020-2021
1.00,0.9722,0.1234,0.7838,,0.2857,1.00,0.9052,West Side AVTS,118408707,2020-2021
0.7083,0.8116,0.1505,0.8947,,0.4766,0.3333,0.9797,Western Area CTC,101638907,2020-2021
0.8943,0.984,0.1099,0.85,,0.4868,0.5682,0.9416,Western Center for Technical Studies,123469007,2020-2021
0.00,0.4346,0.1699,0.6667,,0.3267,0.20,0.9444,Wilkes-Barre AVTS,118408607,2020-2021
0.839,0.4129,0.1517,0.00,,0.7862,0.00,0.983,Williamsport Area SD,117417202,2020-2021
0.8662,0.5594,0.1522,0.9357,,0.5124,0.00,0.9827,York Co School of Technology,112679107,2020-2021
0.7586,0.3143,0.2632,1.00,,0.5714,0.3077,1.00,Tunkhannock Area SD,118667503,2021-2022
0.9375,0.8421,0.425,1.00,,0.7143,0.8571,1.00,Tyrone Area SD,108078003,2021-2022
0.4603,1.00,0.1074,0.7895,,0.1468,0.3761,0.7119,Universal Audenreid CHS,126519434,2021-2022
0.9126,0.9649,0.1413,0.9016,,0.2377,0.3383,0.9789,Upper Bucks County AVTS,122099007,2021-2022
0.7407,0.00,0.00,0.00,,0.60,0.6111,1.00,Upper Dauphin Area SD,115229003,2021-2022
0.7218,0.9726,0.2205,0.8981,,0.229,0.3803,0.9549,Venango Technology Center,106619107,2021-2022
0.9492,0.65,0.1205,1.00,,0.8966,0.50,0.9844,Wallenpaupack Area SD,119648303,2021-2022
0.8088,0.7917,0.1009,1.00,,0.3378,0.4267,0.9792,Warren County AVTS,105628007,2021-2022
0.9167,0.7692,0.125,1.00,,1.00,0.80,1.00,Wayne Highlands SD,119648703,2021-2022
0.8333,0.2308,0.10,1.00,,0.375,0.625,1.00,Wellsboro Area SD,117598503,2021-2022
0.8182,1.00,0.1119,0.7586,,0.0649,0.1392,0.9455,West Side AVTS,118408707,2021-2022
0.8521,0.1429,0.1434,0.7821,,0.3516,0.5229,0.9595,Western Area CTC,101638907,2021-2022
